USE master
IF  EXISTS (SELECT name FROM sys.databases WHERE name = 'NHOM4_TCSDL206')
BEGIN
    ALTER DATABASE NHOM4_TCSDL206 SET SINGLE_USER WITH ROLLBACK IMMEDIATE;
	DROP DATABASE NHOM4_TCSDL206;
END
CREATE DATABASE NHOM4_TCSDL206;
GO
USE NHOM4_TCSDL206;
GO
--BẢNG KHACHHANG
CREATE TABLE KHACHHANG (
    MAKHACHHANG CHAR(10) PRIMARY KEY,
    TENCONGTY NVARCHAR(100) NOT NULL,
    TENGIAODICH NVARCHAR(100) NOT NULL,
    DIACHI NVARCHAR(100) NOT NULL,
    EMAIL VARCHAR(50)  UNIQUE,
    DIENTHOAI VARCHAR(10) UNIQUE,
    FAX NVARCHAR(25)
);
--BẢNG NHANVIEN
CREATE TABLE NHANVIEN (
    MANHANVIEN CHAR(10) PRIMARY KEY,
    TEN NVARCHAR(20) NOT NULL,
    HO NVARCHAR(20) NOT NULL,
    NGAYSINH DATE NOT NULL,
    NGAYLAMVIEC DATE NOT NULL,
    DIACHI NVARCHAR(100) NOT NULL,
    DIENTHOAI VARCHAR(10) UNIQUE,
    LUONGCOBAN DECIMAL(15, 2) NOT NULL,
    PHUCAP DECIMAL(10, 2)
);
--BẢNG NHACUNGCAP
CREATE TABLE NHACUNGCAP (
    MACONGTY CHAR(10) PRIMARY KEY,
    TENCONGTY NVARCHAR(100) NOT NULL,
    TENGIAODICH NVARCHAR(50) NOT NULL,
    DIACHI NVARCHAR(100) NOT NULL,
    DIENTHOAI VARCHAR(10) UNIQUE,
    FAX NVARCHAR(25),
    EMAIL VARCHAR(50) UNIQUE
);
--BẢNG LOAIHANG
CREATE TABLE LOAIHANG (
    MALOAIHANG CHAR(10) PRIMARY KEY,
    TENLOAIHANG NVARCHAR(40) NOT NULL
);
--BẢNG MATHANG
CREATE TABLE MATHANG (
    MAHANG CHAR(10) PRIMARY KEY,
    TENHANG NVARCHAR(100) NOT NULL,
    MALOAIHANG CHAR(10) NOT NULL,
    MACONGTY CHAR(10) NOT NULL,
    SOLUONG FLOAT NOT NULL,
    DVTINH NVARCHAR(20) NOT NULL,
    GIAHANG MONEY NOT NULL,
    FOREIGN KEY (MALOAIHANG) REFERENCES LOAIHANG(MALOAIHANG)
		ON DELETE
			CASCADE
		ON UPDATE
			CASCADE,
    FOREIGN KEY (MACONGTY) REFERENCES NHACUNGCAP(MACONGTY)
		ON DELETE
			CASCADE
		ON UPDATE
			CASCADE
);
--BẢNG DONDATHANG
CREATE TABLE DONDATHANG (
    SOHOADON CHAR(10) PRIMARY KEY,
    MAKHACHHANG CHAR(10) NOT NULL,
    MANHANVIEN CHAR(10) NOT NULL,
    NGAYDATHANG DATE NOT NULL,
    NGAYGIAOHANG DATE,
    NGAYCHUYENHANG DATE,
    NOIGIAOHANG NVARCHAR(100),
    FOREIGN KEY (MAKHACHHANG) REFERENCES KHACHHANG(MAKHACHHANG)
		ON DELETE
			CASCADE
		ON UPDATE
			CASCADE,
    FOREIGN KEY (MANHANVIEN) REFERENCES NHANVIEN(MANHANVIEN)
		ON DELETE
			CASCADE
		ON UPDATE
			CASCADE
);
--BẢNG CHITIETDATHANG
CREATE TABLE CHITIETDATHANG (
    SOHOADON CHAR(10) NOT NULL,
    MAHANG CHAR(10) NOT NULL,
    GIABAN MONEY NOT NULL,
    SOLUONG FLOAT NOT NULL,
    MUCGIAMGIA MONEY,
	PRIMARY KEY(SOHOADON,MAHANG),
    FOREIGN KEY (SOHOADON) REFERENCES DONDATHANG(SOHOADON)
		ON DELETE
			CASCADE
		ON UPDATE
			CASCADE,
    FOREIGN KEY (MAHANG) REFERENCES MATHANG(MAHANG)
		ON DELETE
			CASCADE
		ON UPDATE
			CASCADE
);
--SOLUONG MẶC ĐỊNH LÀ 1, MUCGIAMGIA MẶC ĐỊNH LÀ 0
ALTER TABLE CHITIETDATHANG 
	ADD CONSTRAINT DF_SOLUONG DEFAULT 1 FOR SOLUONG,
		CONSTRAINT DF_MUCGIAMGIA DEFAULT 0 FOR MUCGIAMGIA;
--RÀNG BUỘC NGAYGIAOHANG,NGAYDATHANG,NGAYCHUYENHANG
ALTER TABLE DONDATHANG
	ADD CONSTRAINT CK_NGAYGIAOHANG
	CHECK (NGAYGIAOHANG >= NGAYDATHANG),
	CONSTRAINT CK_NGAYCHUYENHANG
	CHECK (NGAYCHUYENHANG >= NGAYDATHANG);
-- NHÂN VIÊN TỪ 18N ĐẾN 60 TUỔI
ALTER TABLE NHANVIEN
	ADD CONSTRAINT CK_TUOI_NHANVIEN 
	CHECK (DATEDIFF(YEAR, NGAYSINH, GETDATE()) >= 18 AND DATEDIFF(YEAR, NGAYSINH, GETDATE()) <= 60);
--RÀNG BUỘC EMAIL
ALTER TABLE KHACHHANG
    ADD CONSTRAINT CK_KhachHang_Email
    CHECK (EMAIL LIKE '%@%.%');

ALTER TABLE NhaCungCap
	ADD CONSTRAINT CK_NhaCungCap_Email
		CHECK (Email LIKE '[a-z][A-Z]%@%_')
--DIENTHOAI PHẢI LÀ SỐ TỪ 0 ĐẾN 9
ALTER TABLE KhachHang
	ADD CONSTRAINT CK_KhachHang_SDT
		CHECK (DIENTHOAI LIKE '[0-9][0-9][0-9][0-9][0-9][0-9][0-9][0-9][0-9][0-9]')
ALTER TABLE NhanVien
	ADD CONSTRAINT CK_NhanVien_SDT
		CHECK (DIENTHOAI LIKE '[0-9][0-9][0-9][0-9][0-9][0-9][0-9][0-9][0-9][0-9]')
ALTER TABLE NhaCungCap
	ADD CONSTRAINT CK_NhaCungCap_SDT
		CHECK (DIENTHOAI LIKE '[0-9][0-9][0-9][0-9][0-9][0-9][0-9][0-9][0-9][0-9]')
--MẶC ĐỊNH LUONGCOBAN LÀ 5000000 VÀ LUONGCOBAN >0
ALTER TABLE NhanVien
	ADD CONSTRAINT CK_NhanVien_LUONGCOBAN
		DEFAULT '5000000' FOR LUONGCOBAN,
		CHECK(LUONGCOBAN>0)
SET DATEFORMAT dmy;
USE NHOM4_TCSDL206;
-- Thêm dữ liệu vào bảng LOAIHANG
INSERT INTO LOAIHANG (MALOAIHANG, TENLOAIHANG) 
VALUES ('LH00000001', N'Thực phẩm'), 
       ('LH00000002', N'Đồ gia dụng');

-- Thêm dữ liệu vào bảng NHACUNGCAP
INSERT INTO NHACUNGCAP (MACONGTY, TENCONGTY, TENGIAODICH, DIACHI, DIENTHOAI, FAX, EMAIL) 
VALUES ('NC00000001', N'Việt Tiến', N'GIAO DỊCH 1', N'HẢI CHÂU', '0901234567', '0281234567', 'abc@company.com'),
       ('NC00000002', N'Công ty XYZ', N'GIAO DỊCH 2', N'LIÊN CHIỂU', '0907654321', '0287654321', 'xyz@company.com'),
	   ('NC00000003', N'Công ty MYLE', 'VINAMILK', N'LIÊN CHIỂU', '0907654322', '0287654322', 'MYL@company.com');
-- Thêm dữ liệu vào bảng KHACHHANG
INSERT INTO KHACHHANG (MAKHACHHANG, TENCONGTY, TENGIAODICH, DIACHI, EMAIL, DIENTHOAI, FAX) 
VALUES ('KH00000001', N'Khách hàng A', 'VINAMILK ', N'HÒA KHÁNH', 'a@customer.com', '0912345678', '0281234789'),
       ('KH00000002', N'Khách hàng B', N'CÔNG TY B', N'THANH KHÊ', 'b@customer.com', '0918765432', '0289876543'),
	   ('KH00000003', N'Khách hàng C', N'CÔNG TY C', N'234 Đường F', 'b@cusstomer.com', '0917765432', '0389876543');

-- Thêm dữ liệu vào bảng NHANVIEN
INSERT INTO NHANVIEN (MANHANVIEN, TEN, HO, NGAYSINH, NGAYLAMVIEC, DIACHI, DIENTHOAI, LUONGCOBAN, PHUCAP) 
VALUES ('NV00000001', 'Nam', N'Nguyễn', '1990-01-01', '2020-05-15', N'123 Đường E', '0901239876', '6000000', NULL),
       ('NV00000002', 'Lan', N'Lê', '1985-03-22', '2019-10-10', N'456 Đường F', '0906543210', default, '600000'),
	   ('NV00000003', 'Minh', N'Tran', '1995-04-15', '2023-02-10', N'789 Đường K', '0901234569', '7000000', '500000'),
	   ('NV00000004', 'Vinh', N'Ngô', '1965-12-30', '1980-01-01', N'234 Đường M', '0909871234', '9000000', '700000'),
	   ('NV00000005', 'Linh', N'Ngô', '1965-12-30', '1970-01-01', N'234 Đường M', '0909871235', '9000000', '700000');

-- Thêm dữ liệu vào bảng MATHANG
INSERT INTO MATHANG (MAHANG, TENHANG, MALOAIHANG, MACONGTY, SOLUONG, DVTINH, GIAHANG) 
VALUES ('MH00000001', N'Sữa hộp XYZ', 'LH00000001', 'NC00000001', 100, N'Cái', 15000000),
       ('MH00000002', N'Máy giặt LG', 'LH00000002', 'NC00000002', 50, N'Cái', 10000000),
	    ('MH00000003', N'Tủ lạnh Toshiba', 'LH00000002', 'NC00000001', 0, N'Cái', 12000000);

-- Thêm dữ liệu vào bảng DONDATHANG
INSERT INTO DONDATHANG (SOHOADON, MAKHACHHANG, MANHANVIEN, NGAYDATHANG, NGAYGIAOHANG, NGAYCHUYENHANG, NOIGIAOHANG) 
VALUES ('HD00000001', 'KH00000001', 'NV00000001', '2022-10-10', '2023-10-12', '2023-10-15', N'123 Đường G'),
       ('HD00000002', 'KH00000002', 'NV00000002', '2023-09-20', '2023-09-25', '2023-09-28', N'456 Đường H'),
	   ('HD00000003', 'KH00000001', 'NV00000001', '2009-05-10', '2009-05-15', '2009-05-18', N'123 Đường I'),
	   ('HD00000004', 'KH00000003', 'NV00000001', '2009-05-10', '2009-05-15', '2009-05-18', N'234 Đường F');

-- Thêm dữ liệu vào bảng CHITIETDATHANG
INSERT INTO CHITIETDATHANG (SOHOADON, MAHANG, GIABAN, SOLUONG, MUCGIAMGIA) 
VALUES ('HD00000001', 'MH00000001', 15000000, 2, 50000),
       ('HD00000002', 'MH00000002', 10000000, 1, DEFAULT),
	   ('HD00000003', 'MH00000001', 15000000, 1, 50000),
	   ('HD00000004', 'MH00000002', 5000000, 1, 30000);

---------------------------------------------------------------------------TUẦN 9-------------------------------------------------------------------------
--1.Cho biết danh sách các đối tác cung cấp hàng cho công ty
select MACONGTY, TENCONGTY
FROM NHACUNGCAP
--2.Mã hàng, tên hàng và số lượng của các mặt hàng hiện có trong công ty
SELECT MAHANG, TENHANG, SOLUONG 
FROM MATHANG
--3.Họ tên và địa chỉ và năm bắt đầu làm việc của các nhân viên trong công ty
SELECT MANHANVIEN, HO, TEN, NGAYLAMVIEC, DIACHI
FROM NHANVIEN
--4.Địa chỉ và điện thoại của nhà cung cấp có tên giao dịch [VINAMILK] là gì?
SELECT MACONGTY, DIACHI, DIENTHOAI, TENGIAODICH
FROM NHACUNGCAP
WHERE TENGIAODICH= 'VINAMILK'
--5.Cho biết mã và tên của các mặt hàng có giá lớn hơn 100000 và số lượng hiện có ít hơn 50.
SELECT MAHANG, TENHANG, SOLUONG, GIAHANG
FROM MATHANG
WHERE SOLUONG<50 AND GIAHANG>100000
--6.Cho biết mỗi mặt hàng trong công ty do ai cung cấp
SELECT MAHANG, TENHANG , MATHANG.MACONGTY, TENCONGTY
FROM MATHANG, NHACUNGCAP
WHERE MATHANG.MACONGTY= NHACUNGCAP.MACONGTY
--7.Công ty [Việt Tiến] đã cung cấp những mặt hàng nào?
SELECT NHACUNGCAP.MACONGTY, TENCONGTY, MAHANG, TENHANG
FROM NHACUNGCAP, MATHANG
WHERE NHACUNGCAP.MACONGTY= MATHANG.MACONGTY AND TENCONGTY= N'Việt Tiến'
--8.Loại hàng thực phẩm do những công ty nào cung cấp và địa chỉ của các công ty đó là gì?
SELECT LOAIHANG.MALOAIHANG, TENLOAIHANG, NHACUNGCAP.MACONGTY, TENCONGTY, DIACHI
FROM LOAIHANG, NHACUNGCAP, MATHANG
WHERE NHACUNGCAP.MACONGTY=MATHANG.MACONGTY AND MATHANG.MALOAIHANG=LOAIHANG.MALOAIHANG AND TENLOAIHANG=  N'Thực phẩm'
--9.Những khách hàng nào (tên giao dịch) đã đặt mua mặt hàng Sữa hộp XYZ của công ty?
SELECT DISTINCT KHACHHANG.MAKHACHHANG, TENCONGTY,KHACHHANG.TENGIAODICH
FROM KHACHHANG
JOIN DONDATHANG ON KHACHHANG.MAKHACHHANG = DONDATHANG.MAKHACHHANG
JOIN CHITIETDATHANG ON DONDATHANG.SOHOADON = CHITIETDATHANG.SOHOADON
JOIN MATHANG ON CHITIETDATHANG.MAHANG = MATHANG.MAHANG
WHERE MATHANG.TENHANG = N'Sữa hộp XYZ';
--10.Đơn đặt hàng số 1 do ai đặt và do nhân viên nào lập, thời gian và địa điểm giao hàng là ở đâu?
SELECT DONDATHANG.SOHOADON,
       KHACHHANG.TENGIAODICH AS TenKhachHang,
       NHANVIEN.HO + ' ' + NHANVIEN.TEN AS TenNhanVien,
       DONDATHANG.NGAYDATHANG,
       DONDATHANG.NGAYGIAOHANG,
       DONDATHANG.NOIGIAOHANG
FROM DONDATHANG
JOIN KHACHHANG ON DONDATHANG.MAKHACHHANG = KHACHHANG.MAKHACHHANG
JOIN NHANVIEN ON DONDATHANG.MANHANVIEN = NHANVIEN.MANHANVIEN
WHERE DONDATHANG.SOHOADON = 'HD00000001';
---------------------------------------------------------------------------TUẦN 10-------------------------------------------------------------------------
--11.Hãy cho biết số tiền lương mà công ty phải trả cho mỗi nhân viên là bao nhiêu (lương = lương cơ bản + phụ cấp).
SELECT 
    MANHANVIEN,
    HO + ' ' + TEN AS HO_TEN,
    LUONGCOBAN,
    ISNULL(PHUCAP, 0) AS PHUCAP,
    (LUONGCOBAN + ISNULL(PHUCAP, 0)) AS TONG_LUONG
FROM 
    NHANVIEN;
--12.Hãy cho biết có những khách hàng nào lại chính là đối tác cung cấp hàng của công ty (tức là có cùng tên giao dịch).
SELECT 
    KH.MAKHACHHANG AS MaKhachHang,
    KH.TENCONGTY AS TenCongTyKhachHang,
    KH.TENGIAODICH AS TenGiaoDich,
    NCC.MACONGTY AS MaNhaCungCap,
    NCC.TENCONGTY AS TenCongTyNhaCungCap
FROM 
    KHACHHANG KH, NHACUNGCAP NCC
WHERE KH.TENGIAODICH = NCC.TENGIAODICH;
--13.Trong công ty có những nhân viên nào có cùng ngày sinh?
SELECT 
    NGAYSINH,
    MANHANVIEN,
    HO + ' ' + TEN AS HoTen
FROM 
    NHANVIEN
WHERE 
    NGAYSINH IN (
        SELECT 
            NGAYSINH
        FROM 
            NHANVIEN
        GROUP BY 
            NGAYSINH
        HAVING 
            COUNT(*) > 1
    )
ORDER BY 
    NGAYSINH, MANHANVIEN;
--14. Những đơn đặt hàng nào yêu cầu giao hàng ngay tại công ty đặt hàng và những đơn đó là của công ty nào?
SELECT 
    D.SOHOADON,
    D.MAKHACHHANG,
    D.NGAYDATHANG,
    D.NOIGIAOHANG,
	K.DIACHI,
    K.TENCONGTY
FROM 
    DONDATHANG D, KHACHHANG K
WHERE 
    D.NOIGIAOHANG = K.DIACHI AND D.MAKHACHHANG = K.MAKHACHHANG
--15.Cho biết tên công ty, tên giao dịch, địa chỉ và điện thoại của các khách hàng và các nhà cung cấp hàng cho công ty.
SELECT 
    TENCONGTY, 
    TENGIAODICH, 
    DIACHI, 
    DIENTHOAI
FROM 
    KHACHHANG
UNION
SELECT 
    TENCONGTY, 
    TENGIAODICH, 
    DIACHI, 
    DIENTHOAI
FROM 
    NHACUNGCAP;
--16. Những mặt hàng nào chưa từng được khách hàng đặt mua?
SELECT 
    MH.MAHANG, 
    MH.TENHANG
FROM 
    MATHANG MH
LEFT JOIN 
    CHITIETDATHANG CTDH ON MH.MAHANG = CTDH.MAHANG
WHERE 
    CTDH.MAHANG IS NULL;
--17.Những nhân viên nào của công ty chưa từng lập bất kỳ một hoá đơn đặt hàng nào?
SELECT 
    NV.MANHANVIEN, 
    NV.HO, 
    NV.TEN
FROM 
    NHANVIEN NV
LEFT JOIN 
    DONDATHANG DDH ON NV.MANHANVIEN = DDH.MANHANVIEN
WHERE 
    DDH.SOHOADON IS NULL;
--18.Những nhân viên nào của công ty có lương cơ bản cao nhất?
SELECT 
    MANHANVIEN, 
    HO, 
    TEN, 
    LUONGCOBAN
FROM 
    NHANVIEN
WHERE 
    LUONGCOBAN = (SELECT MAX(LUONGCOBAN) FROM NHANVIEN);
